{"cameraMode":{"drawMode":0,"name":"Shaded","section":"Shading Mode"},"sceneLighting":false,"audioPlay":false,"sceneViewState":{"showFog":true,"showMaterialUpdate":true,"showSkybox":false,"showFlares":true,"showImageEffects":true,"showParticleSystems":true},"in2DMode":false,"pivot":{"x":-1.4627902507781983,"y":-0.20343267917633058,"z":-0.11708211898803711},"rotation":{"x":0.07265698164701462,"y":-0.8757259249687195,"z":0.1393604725599289,"w":0.4565931260585785},"size":2.530776262283325,"orthographic":false}