{"cameraMode":{"drawMode":0,"name":"Shaded","section":"Shading Mode"},"sceneLighting":false,"audioPlay":false,"sceneViewState":{"showFog":true,"showMaterialUpdate":true,"showSkybox":false,"showFlares":true,"showImageEffects":true,"showParticleSystems":true},"in2DMode":false,"pivot":{"x":1.5299999713897706,"y":1.0,"z":15.859999656677246},"rotation":{"x":0.06409884244203568,"y":-0.8956746459007263,"z":0.41818439960479739,"w":0.13730503618717194},"size":0.8660259246826172,"orthographic":false}