{"cameraMode":{"drawMode":0,"name":"Shaded","section":"Shading Mode"},"sceneLighting":true,"audioPlay":false,"sceneViewState":{"showFog":true,"showMaterialUpdate":true,"showSkybox":true,"showFlares":true,"showImageEffects":true,"showParticleSystems":true},"in2DMode":false,"pivot":{"x":29.608728408813478,"y":-1.665771484375,"z":17.500347137451173},"rotation":{"x":0.41599544882774355,"y":-0.03244007006287575,"z":0.01485527865588665,"w":0.9087067246437073},"size":18.826433181762697,"orthographic":false}