{"cameraMode":{"drawMode":0,"name":"Shaded","section":"Shading Mode"},"sceneLighting":true,"audioPlay":false,"sceneViewState":{"showFog":true,"showMaterialUpdate":true,"showSkybox":true,"showFlares":true,"showImageEffects":true,"showParticleSystems":true},"in2DMode":false,"pivot":{"x":2.2790164947509767,"y":-5.030735015869141,"z":22.60647964477539},"rotation":{"x":-0.3447224795818329,"y":0.3645087480545044,"z":-0.14741414785385133,"w":-0.8523903489112854},"size":10.0,"orthographic":false}